"","College","Region","lon","lat","State","year","fulltime","parttime","international","SOC","female","retention","graduation","tuition","rank","endowment"
"1","Amherst (MA)","Northeast",-72.5206135,42.3707379,"MA","2008",1697,0,7.24808485562758,29.9351797289334,51.1490866234532,NA,NA,47430,NA,1706
"2","Amherst (MA)","Northeast",-72.5206135,42.3707379,"MA","2009",1744,0,8.14220183486239,32.2821100917431,50.1720183486239,97,96,49078,NA,1306
"3","Amherst (MA)","Northeast",-72.5206135,42.3707379,"MA","2010",1794,0,9.08584169453735,39.4648829431438,50.6688963210702,97,95,51522,2,1386
"4","Amherst (MA)","Northeast",-72.5206135,42.3707379,"MA","2011",1791,0,9.71524288107203,39.9218313791178,48.5203796761586,98,94,54098,2,1642
"5","Amherst (MA)","Northeast",-72.5206135,42.3707379,"MA","2012",1817,0,9.79636763896533,41.221794166208,48.7616951018162,98,94,56260,2,1641
"6","Amherst (MA)","Northeast",-72.5206135,42.3707379,"MA","2013",1785,0,9.57983193277311,42.7450980392157,49.5798319327731,98,96,58744,2,1824
"7","Amherst (MA)","Northeast",-72.5206135,42.3707379,"MA","2014",1792,0,9.59821428571429,43.4709821428571,48.2,98,95,61206,2,2149
"8","Amherst (MA)","Northeast",-72.5206135,42.3707379,"MA","2015",1795,0,9.6,44.1782729805014,50.4,98,96,63772,2,2194
"9","Amherst (MA)","Northeast",-72.5206135,42.3707379,"MA","2016",1849,0,9.4104921579232,44.6187128177393,50.1352082206598,98,94,66186,2,2032
"10","Amherst (MA)","Northeast",-72.5206135,42.3707379,"MA","2017",1836,0,9.20479302832244,44.281045751634,49.4553376906318,98,95,68500,2,2248
"11","Barnard (NY)","Northeast",-73.9661519,40.8090974,"NY","2008",2302,57,3.984739296312,29.4192454429843,100,NA,NA,49464,NA,216
"12","Barnard (NY)","Northeast",-73.9661519,40.8090974,"NY","2009",2307,50,4.62452269834535,29.3593551124311,100,96,89,50969,NA,168
"13","Barnard (NY)","Northeast",-73.9661519,40.8090974,"NY","2010",2335,55,5.06276150627615,30.1673640167364,100,95,89,53496,30,187
"14","Barnard (NY)","Northeast",-73.9661519,40.8090974,"NY","2011",2389,49,5.66037735849057,31.3781788351107,100,95,91,55566,26,218
"15","Barnard (NY)","Northeast",-73.9661519,40.8090974,"NY","2012",2466,43,7.06869009584665,32.3634914308489,100,94,87,57312,33,216
"16","Barnard (NY)","Northeast",-73.9661519,40.8090974,"NY","2013",2464,25,7.07111289674568,36.1189232623544,100,94,82,59000,28,244
"17","Barnard (NY)","Northeast",-73.9661519,40.8090974,"NY","2014",2544,33,7.42924528301887,37.5242530073729,100,95,95,60700,32,276
"18","Barnard (NY)","Northeast",-73.9661519,40.8090974,"NY","2015",2510,38,8.4,38.1083202511774,100,96,90,62741,32,297
"19","Barnard (NY)","Northeast",-73.9661519,40.8090974,"NY","2016",2539,46,8.30757341576507,38.6073500967118,100,96,89,65992,29,287
"20","Barnard (NY)","Northeast",-73.9661519,40.8090974,"NY","2017",2574,30,9.13978494623656,38.594470046083,100,96,91,68762,27,327
"21","Bates (ME)","Northeast",-70.2043752,44.1057216,"ME","2008",1776,0,5.46171171171171,13.7387387387387,53.8851351351351,NA,NA,49350,NA,267
"22","Bates (ME)","Northeast",-70.2043752,44.1057216,"ME","2009",1738,0,5.63866513233602,15.9953970080552,53.3947065592635,95,89,51300,NA,184
"23","Bates (ME)","Northeast",-70.2043752,44.1057216,"ME","2010",1725,0,5.91304347826087,17.8550724637681,53.8550724637681,95,89,53300,25,199
"24","Bates (ME)","Northeast",-70.2043752,44.1057216,"ME","2011",1769,0,5.93555681175806,18.824194460147,52.7416619559073,95,91,55300,21,231
"25","Bates (ME)","Northeast",-70.2043752,44.1057216,"ME","2012",1753,0,6.21791215059897,17.4557900741586,52.5955504848831,94,88,57235,21,216
"26","Bates (ME)","Northeast",-70.2043752,44.1057216,"ME","2013",1791,0,6.47682858738135,20.4355108877722,50.3070910106086,94,92,58950,22,234
"27","Bates (ME)","Northeast",-70.2043752,44.1057216,"ME","2014",1773,0,6.8809926677947,20.4737732656514,50.4,94,94,60720,22,264
"28","Bates (ME)","Northeast",-70.2043752,44.1057216,"ME","2015",1792,0,5,21.0379464285714,50.7,93,93,62540,19,262
"29","Bates (ME)","Northeast",-70.2043752,44.1057216,"ME","2016",1780,0,6.85393258426966,23.0898876404494,50.5056179775281,94,88,64500,25,251
"30","Bates (ME)","Northeast",-70.2043752,44.1057216,"ME","2017",1787,0,7.38668158925574,21.7683268047006,50.6435366536094,94,88,66720,27,294
"31","Beloit (WI)","Midwest",-89.0330935,42.5030333,"WI","2008",1312,76,6.12391930835735,11.1671469740634,56.7073170731707,NA,NA,38236,NA,132
"32","Beloit (WI)","Midwest",-89.0330935,42.5030333,"WI","2009",1346,61,7.32054015636105,10.8742004264392,57.0579494799406,90,79,40248,NA,104
"33","Beloit (WI)","Midwest",-89.0330935,42.5030333,"WI","2010",1324,73,9.09090909090909,15.8911954187545,57.02416918429,89,78,42202,62,108
"34","Beloit (WI)","Midwest",-89.0330935,42.5030333,"WI","2011",1319,66,9.96389891696751,17.9061371841155,58.7566338134951,89,85,44176,55,115
"35","Beloit (WI)","Midwest",-89.0330935,42.5030333,"WI","2012",1261,69,10.2255639097744,16.9242089771891,59.1593973037272,89,77,46336,60,117
"36","Beloit (WI)","Midwest",-89.0330935,42.5030333,"WI","2013",1254,52,9.11179173047473,17.687595712098,58.9314194577352,88,76,48506,63,132
"37","Beloit (WI)","Midwest",-89.0330935,42.5030333,"WI","2014",1249,54,8.56685348278623,18.1120491174213,57.3,89,78,49970,59,145
"38","Beloit (WI)","Midwest",-89.0330935,42.5030333,"WI","2015",1296,62,9.1,20.3240058910162,54.9,89,78,52940,61,149
"39","Beloit (WI)","Midwest",-89.0330935,42.5030333,"WI","2016",1337,57,14.6050670640835,21.4605067064083,53.6275243081526,89,80,55206,61,142
"40","Beloit (WI)","Midwest",-89.0330935,42.5030333,"WI","2017",1346,56,15.9771754636234,24.3937232524964,52.5260029717682,89,82,57142,62,154
"41","Bowdoin (ME)","Northeast",-70.0395952,44.058008,"ME","2008",1719,4,2.95995356935578,27.3940800928613,51.2507271669575,NA,NA,48570,NA,831
"42","Bowdoin (ME)","Northeast",-70.0395952,44.058008,"ME","2009",1771,6,3.48902644907147,28.7563308947665,51.0446075663467,98,89,50900,NA,688
"43","Bowdoin (ME)","Northeast",-70.0395952,44.058008,"ME","2010",1755,7,3.6322360953462,30.7037457434733,50.4843304843305,98,91,52880,6,754
"44","Bowdoin (ME)","Northeast",-70.0395952,44.058008,"ME","2011",1773,5,4.04949381327334,30.3149606299213,49.2949802594473,98,94,54470,6,904
"45","Bowdoin (ME)","Northeast",-70.0395952,44.058008,"ME","2012",1831,8,4.24143556280587,30.7775965198477,49.7542326597488,97,93,56128,6,902
"46","Bowdoin (ME)","Northeast",-70.0395952,44.058008,"ME","2013",1791,4,4.79108635097493,30.4735376044568,49.6929089893914,96,92,57834,6,1039
"47","Bowdoin (ME)","Northeast",-70.0395952,44.058008,"ME","2014",1805,3,5.15235457063712,30.4203539823009,50,96,96,59568,4,1216
"48","Bowdoin (ME)","Northeast",-70.0395952,44.058008,"ME","2015",1794,5,5,31.5175097276265,49.7,96,93,61354,5,1393
"49","Bowdoin (ME)","Northeast",-70.0395952,44.058008,"ME","2016",1801,5,4.84391819160388,28.9020452099031,49.9722376457524,97,93,63500,4,1340
"50","Bowdoin (ME)","Northeast",-70.0395952,44.058008,"ME","2017",1813,3,5.01101321585903,31.773127753304,49.9724214009928,97,93,65980,6,1456
"51","Bryn Mawr (PA)","Northeast",-75.3174228,40.0281065,"PA","2008",1266,21,6.99300699300699,21.5229215229215,100,NA,NA,48060,NA,668
"52","Bryn Mawr (PA)","Northeast",-75.3174228,40.0281065,"PA","2009",1283,24,10.0229533282326,23.8714613618975,100,94,84,50034,NA,522
"53","Bryn Mawr (PA)","Northeast",-75.3174228,40.0281065,"PA","2010",1283,6,12.3351435221102,31.4972847168348,100,94,86,51780,25,574
"54","Bryn Mawr (PA)","Northeast",-75.3174228,40.0281065,"PA","2011",1289,24,15.9177456207159,30.6169078446306,100,93,80,53714,30,671
"55","Bryn Mawr (PA)","Northeast",-75.3174228,40.0281065,"PA","2012",1309,13,19.7258187357197,32.1482602118003,100,93,87,55586,25,645
"56","Bryn Mawr (PA)","Northeast",-75.3174228,40.0281065,"PA","2013",1315,13,22.8915662650602,29.8192771084337,100,92,87,57760,26,711
"57","Bryn Mawr (PA)","Northeast",-75.3174228,40.0281065,"PA","2014",1291,17,24.3222308288149,34.480122324159,100,92,92,59890,30,854
"58","Bryn Mawr (PA)","Northeast",-75.3174228,40.0281065,"PA","2015",1132,14,23.6,32.3179791976226,100,91,84,61990,27,853
"59","Bryn Mawr (PA)","Northeast",-75.3174228,40.0281065,"PA","2016",1361,20,22.8819695872556,33.091962346126,100,91,82,64160,25,797
"60","Bryn Mawr (PA)","Northeast",-75.3174228,40.0281065,"PA","2017",1325,9,22.7136431784108,33.0584707646177,99.9245283018868,92,85,66410,31,846
"61","Bucknell (PA)","Northeast",-76.8871265,40.9547268,"PA","2008",3605,19,3.28366445916115,10.7064017660044,52.7323162274619,NA,NA,48380,NA,555
"62","Bucknell (PA)","Northeast",-76.8871265,40.9547268,"PA","2009",3587,20,3.29914056002218,9.9805932908234,51.68664622247,95,89,50320,NA,443
"63","Bucknell (PA)","Northeast",-76.8871265,40.9547268,"PA","2010",3488,20,4.16191562143672,11.8871151653364,51.2614678899083,95,89,52280,30,491
"64","Bucknell (PA)","Northeast",-76.8871265,40.9547268,"PA","2011",3530,24,5.00844119302195,12.6336522228475,51.3881019830028,95,90,54240,30,575
"65","Bucknell (PA)","Northeast",-76.8871265,40.9547268,"PA","2012",3515,21,5.20361990950226,13.8574660633484,52.2332859174964,94,91,56190,29,599
"66","Bucknell (PA)","Northeast",-76.8871265,40.9547268,"PA","2013",3504,28,5.71913929784824,15.2038505096263,52.1404109589041,94,91,58160,32,667
"67","Bucknell (PA)","Northeast",-76.8871265,40.9547268,"PA","2014",3538,27,5.28547201808932,15.3997194950912,51.9,94,94,60140,32,751
"68","Bucknell (PA)","Northeast",-76.8871265,40.9547268,"PA","2015",3533,36,5.5,17.3718128327263,52.1,94,91,62368,32,789
"69","Bucknell (PA)","Northeast",-76.8871265,40.9547268,"PA","2016",3530,41,6.55278633436012,18.1181741809017,50.6232294617564,94,89,64616,32,722
"70","Bucknell (PA)","Northeast",-76.8871265,40.9547268,"PA","2017",3585,26,6.31404043201329,19.5790639711991,50.5718270571827,94,90,67136,32,801
"71","Carleton (MN)","Midwest",-93.1580358,44.463185,"MN","2008",1983,0,6.10186585980837,20.7766011094302,52.0423600605144,NA,NA,48039,NA,648
"72","Carleton (MN)","Midwest",-93.1580358,44.463185,"MN","2009",1996,13,7.46640119462419,20.358387257342,51.6032064128257,97,93,50205,NA,517
"73","Carleton (MN)","Midwest",-93.1580358,44.463185,"MN","2010",1996,24,8.01980198019802,21.1881188118812,51.4529058116233,97,93,52110,8,563
"74","Carleton (MN)","Midwest",-93.1580358,44.463185,"MN","2011",2002,16,8.32507433102081,22.001982160555,52.1478521478521,97,92,54180,8,653
"75","Carleton (MN)","Midwest",-93.1580358,44.463185,"MN","2012",2037,18,8.61313868613139,22.287104622871,52.8718703976436,97,93,55998,6,646
"76","Carleton (MN)","Midwest",-93.1580358,44.463185,"MN","2013",2025,20,8.50222441917944,24.3031784841076,52.8395061728395,97,93,58149,8,701
"77","Carleton (MN)","Midwest",-93.1580358,44.463185,"MN","2014",2044,13,9.24657534246575,23.869713174526,52.3,97,94,60102,7,793
"78","Carleton (MN)","Midwest",-93.1580358,44.463185,"MN","2015",1997,17,10.4,24.1310824230387,51.5,97,92,62046,8,783
"79","Carleton (MN)","Midwest",-93.1580358,44.463185,"MN","2016",2087,18,9.8812351543943,25.7007125890736,50.7426928605654,97,93,64071,8,738
"80","Carleton (MN)","Midwest",-93.1580358,44.463185,"MN","2017",2055,23,9.96150144369586,26.0827718960539,51.338199513382,97,95,66414,7,828
"81","Claremont/Mc (CA)","West",-117.7101106,34.1017767,"CA","2008",1212,0,5.85808580858086,27.6402640264026,45.957095709571,NA,NA,48990,NA,528
"82","Claremont/Mc (CA)","West",-117.7101106,34.1017767,"CA","2009",1216,2,6.40394088669951,23.8095238095238,45.0657894736842,96,89,51035,NA,400
"83","Claremont/Mc (CA)","West",-117.7101106,34.1017767,"CA","2010",1256,5,6.97858842188739,24.9008723235527,46.4968152866242,96,94,53230,11,466
"84","Claremont/Mc (CA)","West",-117.7101106,34.1017767,"CA","2011",1293,8,9.37740199846272,27.8247501921599,47.6411446249033,96,93,55865,11,543
"85","Claremont/Mc (CA)","West",-117.7101106,34.1017767,"CA","2012",1260,4,12.8164556962025,29.8259493670886,47.6190476190476,96,93,58065,9,521
"86","Claremont/Mc (CA)","West",-117.7101106,34.1017767,"CA","2013",1312,4,14.6656534954407,33.8905775075988,48.3993902439024,96,91,60010,10,599
"87","Claremont/Mc (CA)","West",-117.7101106,34.1017767,"CA","2014",1298,3,16.5639445300462,33.5126825518832,48.2,95,92,62215,9,699
"88","Claremont/Mc (CA)","West",-117.7101106,34.1017767,"CA","2015",1326,2,16.6,34.9397590361446,48.9,96,93,64325,8,734
"89","Claremont/Mc (CA)","West",-117.7101106,34.1017767,"CA","2016",1346,1,17.2234595397179,35.0408314773571,48.8112927191679,96,90,66685,9,709
"90","Claremont/Mc (CA)","West",-117.7101106,34.1017767,"CA","2017",1337,1,16.7414050822123,36.0986547085202,47.8683620044877,96,92,69045,9,784
"91","Colby (ME)","Northeast",-69.6648249,44.5638691,"ME","2008",1847,0,5.36004331348132,13.4813210611803,54.0877097996752,NA,NA,48520,NA,600
"92","Colby (ME)","Northeast",-69.6648249,44.5638691,"ME","2009",1838,0,5.33188248095756,14.5266594124048,54.0261153427639,93,87,50320,NA,453
"93","Colby (ME)","Northeast",-69.6648249,44.5638691,"ME","2010",1825,0,5.42465753424658,15.7808219178082,53.972602739726,94,90,51990,22,502
"94","Colby (ME)","Northeast",-69.6648249,44.5638691,"ME","2011",1815,0,6.33608815426997,15.702479338843,52.9476584022039,94,88,53800,23,611
"95","Colby (ME)","Northeast",-69.6648249,44.5638691,"ME","2012",1863,0,6.54857756307032,17.7133655394525,54.6430488459474,95,90,55700,21,600
"96","Colby (ME)","Northeast",-69.6648249,44.5638691,"ME","2013",1820,0,8.51648351648352,19.6703296703297,51.978021978022,95,91,57510,18,650
"97","Colby (ME)","Northeast",-69.6648249,44.5638691,"ME","2014",1847,0,10.61180292366,20.1949106659448,53,95,90,59500,22,741
"98","Colby (ME)","Northeast",-69.6648249,44.5638691,"ME","2015",NA,0,NA,NA,NA,94,93,61730,15,746
"99","Colby (ME)","Northeast",-69.6648249,44.5638691,"ME","2016",NA,0,NA,NA,NA,94,90,64060,19,711
"100","Colby (ME)","Northeast",-69.6648249,44.5638691,"ME","2017",1917,0,10.3286384976526,23.5263432446531,52.1648408972353,93,94,66220,12,775
"101","Colgate (NY)","Northeast",-75.5416267,42.8164607,"NY","2008",2805,31,4.79548660084626,18.3004231311707,51.5864527629234,NA,NA,49170,NA,704
"102","Colgate (NY)","Northeast",-75.5416267,42.8164607,"NY","2009",2800,25,5.06194690265487,17.8407079646018,53.1071428571429,94,90,50940,NA,561
"103","Colgate (NY)","Northeast",-75.5416267,42.8164607,"NY","2010",2868,16,6.06796116504854,18.5506241331484,53.1729428172943,94,91,52060,19,614
"104","Colgate (NY)","Northeast",-75.5416267,42.8164607,"NY","2011",2926,21,6.68476416694944,19.2059721750933,52.8024606971975,94,90,53570,21,693
"105","Colgate (NY)","Northeast",-75.5416267,42.8164607,"NY","2012",2850,21,7.52351097178683,18.6694531522118,53.5438596491228,94,88,55715,21,687
"106","Colgate (NY)","Northeast",-75.5416267,42.8164607,"NY","2013",2871,19,8.37370242214533,19.2387543252595,55.1724137931034,94,92,57890,18,761
"107","Colgate (NY)","Northeast",-75.5416267,42.8164607,"NY","2014",2863,12,8.73209919664687,19.7913043478261,54.4,95,90,60145,20,866
"108","Colgate (NY)","Northeast",-75.5416267,42.8164607,"NY","2015",2834,19,8.7,20.6799859796705,55.4,94,91,62540,22,892
"109","Colgate (NY)","Northeast",-75.5416267,42.8164607,"NY","2016",2865,18,9.01838362816511,21.2278876170656,55.1483420593368,95,92,65030,19,822
"110","Colgate (NY)","Northeast",-75.5416267,42.8164607,"NY","2017",2854,19,9.43264879916464,21.6498433693004,54.7652417659425,95,90,67500,12,881
"111","Coll Holy Cross (MA)","Northeast",-71.8101495,42.2392391,"MA","2008",2866,32,1.24223602484472,16.632160110421,56.0013956734124,NA,NA,47502,NA,629
"112","Coll Holy Cross (MA)","Northeast",-71.8101495,42.2392391,"MA","2009",2897,35,1.22783083219645,18.0763983628922,54.6082153952364,95,92,49342,NA,490
"113","Coll Holy Cross (MA)","Northeast",-71.8101495,42.2392391,"MA","2010",2862,37,1.13832355984822,19.6619523973784,53.8434661076171,96,94,50832,36,522
"114","Coll Holy Cross (MA)","Northeast",-71.8101495,42.2392391,"MA","2011",2872,33,1.13597246127367,21.617900172117,52.7855153203343,95,89,52758,32,608
"115","Coll Holy Cross (MA)","Northeast",-71.8101495,42.2392391,"MA","2012",2891,35,0.991114149008886,21.6678058783322,50.7436873054307,95,93,55130,29,590
"116","Coll Holy Cross (MA)","Northeast",-71.8101495,42.2392391,"MA","2013",2877,35,0.892857142857143,22.2184065934066,50.0173792144595,95,91,56232,32,635
"117","Coll Holy Cross (MA)","Northeast",-71.8101495,42.2392391,"MA","2014",2904,33,1.44628099173554,22.9826353421859,49.5,95,93,58042,25,726
"118","Coll Holy Cross (MA)","Northeast",-71.8101495,42.2392391,"MA","2015",2885,31,2.1,22.2222222222222,50.3,95,91,59924,34,721
"119","Coll Holy Cross (MA)","Northeast",-71.8101495,42.2392391,"MA","2016",2910,31,3.12818769126148,22.6113566814009,50.9621993127148,95,92,62165,32,681
"120","Coll Holy Cross (MA)","Northeast",-71.8101495,42.2392391,"MA","2017",3020,31,3.7037037037037,22.9105211406096,51.9205298013245,95,92,64320,32,749
"121","Colorado (CO)","West",-104.8279233,38.847962,"CO","2008",1972,24,3.90781563126252,15.7314629258517,54.1075050709939,NA,NA,45140,NA,492
"122","Colorado (CO)","West",-104.8279233,38.847962,"CO","2009",1966,34,5.1,15.45,53.0518819938962,93,83,47102,NA,401
"123","Colorado (CO)","West",-104.8279233,38.847962,"CO","2010",2040,25,5.66585956416465,17.5786924939467,53.2843137254902,94,87,49098,24,460
"124","Colorado (CO)","West",-104.8279233,38.847962,"CO","2011",2008,18,5.97235932872656,18.5587364264561,53.6852589641434,95,85,50250,26,542
"125","Colorado (CO)","West",-104.8279233,38.847962,"CO","2012",1983,25,5.83832335329341,19.8705179282869,54.160363086233,95,87,51620,27,533
"126","Colorado (CO)","West",-104.8279233,38.847962,"CO","2013",2025,15,6.7156862745098,23.4313725490196,54.8641975308642,95,88,54534,28,593
"127","Colorado (CO)","West",-104.8279233,38.847962,"CO","2014",2036,14,6.38506876227898,24.6341463414634,53.4,95,90,57162,31,680
"128","Colorado (CO)","West",-104.8279233,38.847962,"CO","2015",2096,22,6.6,26.2983947119924,53.5,96,87,60211,27,720
"129","Colorado (CO)","West",-104.8279233,38.847962,"CO","2016",2084,17,8.32936696811042,24.9405045216564,54.0786948176583,95,86,62560,25,683
"130","Colorado (CO)","West",-104.8279233,38.847962,"CO","2017",2091,16,8.97009966777409,24.5372567631704,53.5628885700622,95,87,64894,24,743
"131","Connecticut (CT)","Northeast",-72.1067756,41.3786876,"CT","2008",1803,42,4.49864498644986,14.0379403794038,59.7892401552967,NA,NA,49385,NA,216
"132","Connecticut (CT)","Northeast",-72.1067756,41.3786876,"CT","2009",1839,67,3.83001049317943,14.585519412382,61.3920609026645,91,81,51115,NA,165
"133","Connecticut (CT)","Northeast",-72.1067756,41.3786876,"CT","2010",1832,48,4.41489361702128,16.1170212765957,60.4257641921397,91,88,53110,42,179
"134","Connecticut (CT)","Northeast",-72.1067756,41.3786876,"CT","2011",1855,41,4.37763713080169,16.3502109704641,61.078167115903,90,85,54970,41,213
"135","Connecticut (CT)","Northeast",-72.1067756,41.3786876,"CT","2012",1884,42,4.15368639667705,15.9397715472482,59.5010615711253,90,87,56790,37,211
"136","Connecticut (CT)","Northeast",-72.1067756,41.3786876,"CT","2013",1877,38,5.16782099094299,20.5744125326371,60.4688332445392,90,84,58780,41,237
"137","Connecticut (CT)","Northeast",-72.1067756,41.3786876,"CT","2014",1873,20,5.33902829684997,18.1722134178553,61.8,90,85,60895,45,278
"138","Connecticut (CT)","Northeast",-72.1067756,41.3786876,"CT","2015",1857,61,6.5,19.4994786235662,62.6,90,84,62965,45,284
"139","Connecticut (CT)","Northeast",-72.1067756,41.3786876,"CT","2016",1819,46,6.70241286863271,19.8391420911528,63.001649257834,90,83,65000,48,274
"140","Connecticut (CT)","Northeast",-72.1067756,41.3786876,"CT","2017",1766,51,7.31975784259769,19.0423775454045,62.9671574178935,90,83,67440,50,300
"141","Davidson (NC)","South",-80.8563035,35.4812644,"NC","2008",1668,0,3.77697841726619,14.4484412470024,51.0191846522782,NA,NA,42950,NA,501
"142","Davidson (NC)","South",-80.8563035,35.4812644,"NC","2009",1743,0,3.55708548479633,16.7527251864601,50.8892713711991,96,92,45030,NA,369
"143","Davidson (NC)","South",-80.8563035,35.4812644,"NC","2010",1742,0,4.01836969001148,17.6808266360505,49.8851894374282,96,94,47029,8,428
"144","Davidson (NC)","South",-80.8563035,35.4812644,"NC","2011",1755,0,4.61538461538462,18.9173789173789,49.4586894586895,96,91,49723,9,510
"145","Davidson (NC)","South",-80.8563035,35.4812644,"NC","2012",1790,0,4.6927374301676,20.5586592178771,49.8324022346369,96,91,52155,11,511
"146","Davidson (NC)","South",-80.8563035,35.4812644,"NC","2013",1788,0,5.53691275167785,22.6510067114094,50.2796420581655,96,92,54683,12,565
"147","Davidson (NC)","South",-80.8563035,35.4812644,"NC","2014",1770,0,5.64971751412429,23.4463276836158,50.6,97,93,58146,9,649
"148","Davidson (NC)","South",-80.8563035,35.4812644,"NC","2015",1784,0,6.3,24.3273542600897,50.4,96,92,60119,11,683
"149","Davidson (NC)","South",-80.8563035,35.4812644,"NC","2016",1796,0,6.95991091314031,24.2204899777283,49.1629464285714,96,93,61923,9,649
"150","Davidson (NC)","South",-80.8563035,35.4812644,"NC","2017",1810,0,6.74033149171271,25.1381215469613,49.3,96,93,63903,9,716
"151","Franklin & Marshall (PA)","Northeast",-76.3221114,40.0487391,"PA","2008",2118,46,8.68761552680222,12.1996303142329,51.6052880075543,NA,NA,48550,NA,335
"152","Franklin & Marshall (PA)","Northeast",-76.3221114,40.0487391,"PA","2009",2127,48,8.13793103448276,13.6551724137931,51.4339445228021,92,84,50410,NA,249
"153","Franklin & Marshall (PA)","Northeast",-76.3221114,40.0487391,"PA","2010",2288,47,8.82226980728051,13.9186295503212,52.6660839160839,92,79,52060,43,266
"154","Franklin & Marshall (PA)","Northeast",-76.3221114,40.0487391,"PA","2011",2324,39,9.26787981379602,15.0232754972493,52.3235800344234,92,85,54110,41,303
"155","Franklin & Marshall (PA)","Northeast",-76.3221114,40.0487391,"PA","2012",2307,58,10.3594080338266,15.9408033826638,52.0156046814044,93,87,56110,42,285
"156","Franklin & Marshall (PA)","Northeast",-76.3221114,40.0487391,"PA","2013",2258,39,13.0646589902569,19.0248149760557,51.3286093888397,93,85,58295,46,306
"157","Franklin & Marshall (PA)","Northeast",-76.3221114,40.0487391,"PA","2014",2174,35,13.6614535418583,20.1448619284744,50.5,93,83,60799,45,339
"158","Franklin & Marshall (PA)","Northeast",-76.3221114,40.0487391,"PA","2015",2217,32,14.3,20.8092485549133,51.9,93,87,63170,37,335
"159","Franklin & Marshall (PA)","Northeast",-76.3221114,40.0487391,"PA","2016",2225,30,15.0776053215078,21.5521064301552,52.9887640449438,92,87,65410,40,306
"160","Franklin & Marshall (PA)","Northeast",-76.3221114,40.0487391,"PA","2017",2263,20,15.4621112571178,23.4778799824792,54.1758727353071,92,87,67960,47,341
"161","Grinnell (IA)","Midwest",-92.7605302,41.7294783,"IA","2008",1646,32,10.9058402860548,19.1299165673421,53.4629404617254,NA,NA,43700,NA,1472
"162","Grinnell (IA)","Midwest",-92.7605302,41.7294783,"IA","2009",1633,55,10.4857819905213,21.0900473933649,52.9699938763013,93,87,45012,NA,1076
"163","Grinnell (IA)","Midwest",-92.7605302,41.7294783,"IA","2010",1609,46,11.9033232628399,22.6586102719033,54.6302050963331,93,86,46362,14,1265
"164","Grinnell (IA)","Midwest",-92.7605302,41.7294783,"IA","2011",1646,47,11.2817483756645,23.7448316597755,54.678007290401,94,84,49144,18,1500
"165","Grinnell (IA)","Midwest",-92.7605302,41.7294783,"IA","2012",1615,59,11.8279569892473,24.1935483870968,54.6749226006192,94,87,50618,19,1384
"166","Grinnell (IA)","Midwest",-92.7605302,41.7294783,"IA","2013",1664,57,12.2022080185938,25.4503195816386,54.8677884615385,94,88,53654,22,1554
"167","Grinnell (IA)","Midwest",-92.7605302,41.7294783,"IA","2014",1672,62,13.6363636363636,25.3171856978085,55.1,94,90,56617,17,1830
"168","Grinnell (IA)","Midwest",-92.7605302,41.7294783,"IA","2015",1665,40,15.6,25.2199413489736,55.2,94,86,58398,19,1788
"169","Grinnell (IA)","Midwest",-92.7605302,41.7294783,"IA","2016",1658,41,17.8928781636257,25.5444379046498,55.1266586248492,94,89,60738,19,1649
"170","Grinnell (IA)","Midwest",-92.7605302,41.7294783,"IA","2017",1662,50,19.0420560747664,24.7079439252336,53.7304452466907,94,86,63114,19,1871
"171","Hamilton (NY)","Northeast",-75.4072916,43.0537941,"NY","2008",1835,37,5.34188034188034,16.2393162393162,51.8801089918256,NA,NA,48410,NA,670
"172","Hamilton (NY)","Northeast",-75.4072916,43.0537941,"NY","2009",1851,31,5.04782146652497,17.2157279489904,52.998379254457,93,88,49860,NA,489
"173","Hamilton (NY)","Northeast",-75.4072916,43.0537941,"NY","2010",1844,17,4.5674368619022,18.4846856528748,53.3080260303688,94,91,51760,21,553
"174","Hamilton (NY)","Northeast",-75.4072916,43.0537941,"NY","2011",1844,20,4.82832618025751,18.8841201716738,52.9826464208243,95,86,53470,18,658
"175","Hamilton (NY)","Northeast",-75.4072916,43.0537941,"NY","2012",1868,16,4.77707006369427,20.3290870488323,51.2847965738758,95,88,55620,17,635
"176","Hamilton (NY)","Northeast",-75.4072916,43.0537941,"NY","2013",1905,21,4.60974332111053,22.0145379023884,51.3910761154856,95,89,57790,16,710
"177","Hamilton (NY)","Northeast",-75.4072916,43.0537941,"NY","2014",1894,6,4.69904963041183,21.8947368421053,51.4,95,91,59970,14,859
"178","Hamilton (NY)","Northeast",-75.4072916,43.0537941,"NY","2015",1862,10,5.8,22.9700854700855,51.2,95,93,62070,15,856
"179","Hamilton (NY)","Northeast",-75.4072916,43.0537941,"NY","2016",1868,11,6.49281532730176,22.0862160723789,51.4453961456103,95,91,64850,14,817
"180","Hamilton (NY)","Northeast",-75.4072916,43.0537941,"NY","2017",1886,11,6.37849235635213,24.0906694781234,53.0222693531283,95,92,66170,12,906
"181","Haverford (PA)","Northeast",-75.3351906,40.0065596,"PA","2008",1169,0,3.25064157399487,28.2292557741659,53.1223267750214,NA,NA,48975,NA,521
"182","Haverford (PA)","Northeast",-75.3351906,40.0065596,"PA","2009",1190,0,2.77310924369748,24.5378151260504,54.7899159663866,96,91,50975,NA,336
"183","Haverford (PA)","Northeast",-75.3351906,40.0065596,"PA","2010",1177,0,2.97366185216653,28.8020390824129,53.4409515717927,96,94,52970,10,356
"184","Haverford (PA)","Northeast",-75.3351906,40.0065596,"PA","2011",1198,0,4.75792988313856,31.8030050083472,53.7562604340568,96,92,55050,9,403
"185","Haverford (PA)","Northeast",-75.3351906,40.0065596,"PA","2012",1205,0,4.48132780082988,28.4647302904564,52.9460580912863,96,92,56992,10,388
"186","Haverford (PA)","Northeast",-75.3351906,40.0065596,"PA","2013",1187,0,5.56023588879528,29.8230834035383,52.1482729570345,96,93,59236,9,434
"187","Haverford (PA)","Northeast",-75.3351906,40.0065596,"PA","2014",1189,5,5.55088309503785,29.4807370184255,52.9,96,93,61564,9,495
"188","Haverford (PA)","Northeast",-75.3351906,40.0065596,"PA","2015",1233,0,7.2,30.5758313057583,51.3,97,93,63986,8,495
"189","Haverford (PA)","Northeast",-75.3351906,40.0065596,"PA","2016",1268,0,9.06940063091483,29.6529968454259,51.4128728414443,97,94,66725,12,472
"190","Haverford (PA)","Northeast",-75.3351906,40.0065596,"PA","2017",1294,2,9.33641975308642,30.9413580246914,52.0092735703246,97,90,68952,12,512
"191","Kenyon (OH)","Midwest",-82.4004966,40.3718965,"OH","2008",1636,8,3.95377128953771,12.5304136253041,52.7506112469438,NA,NA,46830,NA,189
"192","Kenyon (OH)","Midwest",-82.4004966,40.3718965,"OH","2009",1618,15,4.53153704837722,13.8395590936926,51.9777503090235,94,84,48240,NA,151
"193","Kenyon (OH)","Midwest",-82.4004966,40.3718965,"OH","2010",1619,13,3.92156862745098,14.9509803921569,53.3662754786906,93,88,50400,33,159
"194","Kenyon (OH)","Midwest",-82.4004966,40.3718965,"OH","2011",1648,10,3.37756332931242,15.2593486127865,53.7014563106796,93,89,52650,32,180
"195","Kenyon (OH)","Midwest",-82.4004966,40.3718965,"OH","2012",1658,9,3.95920815836833,16.8566286742651,52.5934861278649,93,86,54760,33,185
"196","Kenyon (OH)","Midwest",-82.4004966,40.3718965,"OH","2013",1695,10,4.36835891381346,17.9472140762463,53.6283185840708,92,87,56810,32,195
"197","Kenyon (OH)","Midwest",-82.4004966,40.3718965,"OH","2014",1650,12,4.42424242424242,18.8327316486161,54.5,93,90,58890,32,212
"198","Kenyon (OH)","Midwest",-82.4004966,40.3718965,"OH","2015",1698,0,4.5,19.6702002355713,54.7,94,89,61100,30,219
"199","Kenyon (OH)","Midwest",-82.4004966,40.3718965,"OH","2016",1688,20,4.56674473067916,19.0866510538642,54.9763033175355,96,89,63330,25,209
"200","Kenyon (OH)","Midwest",-82.4004966,40.3718965,"OH","2017",1661,16,5.60524746571258,19.1413237924866,55.8097531607465,95,87,65840,27,238
"201","Lafayette (PA)","Northeast",-75.2109185,40.6986202,"PA","2008",2334,48,6.5071368597817,14.1477749790092,46.1011139674379,NA,NA,47338,NA,683
"202","Lafayette (PA)","Northeast",-75.2109185,40.6986202,"PA","2009",2365,41,6.69160432252702,14.6716541978387,46.8076109936575,94,89,50289,NA,536
"203","Lafayette (PA)","Northeast",-75.2109185,40.6986202,"PA","2010",2362,52,5.92377796188898,15.2029826014913,46.7823878069433,94,89,51774,35,581
"204","Lafayette (PA)","Northeast",-75.2109185,40.6986202,"PA","2011",2423,55,5.56900726392252,15.4963680387409,46.7189434585225,94,90,53720,38,560
"205","Lafayette (PA)","Northeast",-75.2109185,40.6986202,"PA","2012",2438,50,5.34565916398714,15.9967845659164,47.2108285479902,95,89,55688,40,652
"206","Lafayette (PA)","Northeast",-75.2109185,40.6986202,"PA","2013",2435,51,5.91311343523733,16.5728077232502,46.735112936345,95,88,57750,39,720
"207","Lafayette (PA)","Northeast",-75.2109185,40.6986202,"PA","2014",2446,57,8.0130825838103,16.8597682780663,47.1,95,91,59905,36,801
"208","Lafayette (PA)","Northeast",-75.2109185,40.6986202,"PA","2015",2491,42,9.3,17.1338333991315,48.9,94,88,61680,35,778
"209","Lafayette (PA)","Northeast",-75.2109185,40.6986202,"PA","2016",2505,45,10.3529411764706,18.156862745098,51.0179640718563,94,90,64105,37,733
"210","Lafayette (PA)","Northeast",-75.2109185,40.6986202,"PA","2017",2551,43,10.0231303006939,18.5042405551272,51.9012152097217,94,90,66640,36,790
"211","Lawrence (WI)","Midwest",-88.4017769,44.2608327,"WI","2008",1442,54,8.28877005347594,6.81818181818182,53.9528432732316,NA,NA,40221,NA,216
"212","Lawrence (WI)","Midwest",-88.4017769,44.2608327,"WI","2009",1433,50,8.76601483479434,8.02427511800405,53.6636427076064,88,79,41649,NA,168
"213","Lawrence (WI)","Midwest",-88.4017769,44.2608327,"WI","2010",1514,43,9.76236351958895,13.6801541425819,53.8309114927345,88,76,43719,59,180
"214","Lawrence (WI)","Midwest",-88.4017769,44.2608327,"WI","2011",1443,44,8.40618695359785,13.2481506388702,54.5391545391545,90,76,46371,67,215
"215","Lawrence (WI)","Midwest",-88.4017769,44.2608327,"WI","2012",1473,52,8.89328063241107,14.4262295081967,53.7678207739308,88,73,48270,60,194
"216","Lawrence (WI)","Midwest",-88.4017769,44.2608327,"WI","2013",1518,37,10.5466237942122,15.7556270096463,55.9947299077734,89,77,49722,56,212
"217","Lawrence (WI)","Midwest",-88.4017769,44.2608327,"WI","2014",1473,46,10.7264086897488,18.3015141540487,54.7,89,73,51465,59,249
"218","Lawrence (WI)","Midwest",-88.4017769,44.2608327,"WI","2015",1515,46,10.4,18.9622037155669,55.1,89,82,52950,59,275
"219","Lawrence (WI)","Midwest",-88.4017769,44.2608327,"WI","2016",1503,29,11.7493472584856,20.2349869451697,54.2914171656687,89,80,54498,57,283
"220","Lawrence (WI)","Midwest",-88.4017769,44.2608327,"WI","2017",1434,39,12.2878479293958,22.6069246435845,53.5564853556485,89,76,56133,60,318
"221","Macalester (MN)","Midwest",-93.1691354,44.9378933,"MN","2008",1858,42,11.1578947368421,18.2105263157895,57.8040904198062,NA,NA,44976,NA,665
"222","Macalester (MN)","Midwest",-93.1691354,44.9378933,"MN","2009",1958,38,11.8236472945892,18.436873747495,57.5076608784474,93,86,46942,NA,546
"223","Macalester (MN)","Midwest",-93.1691354,44.9378933,"MN","2010",1987,46,11.2641416625676,20.118052139695,58.4801207851032,93,87,49124,29,587
"224","Macalester (MN)","Midwest",-93.1691354,44.9378933,"MN","2011",1978,27,12.069825436409,20.3491271820449,59.5045500505561,93,86,51357,26,654
"225","Macalester (MN)","Midwest",-93.1691354,44.9378933,"MN","2012",2035,35,12.3589995095635,20.7729468599034,59.8,94,88,53419,25,635
"226","Macalester (MN)","Midwest",-93.1691354,44.9378933,"MN","2013",2011,28,12.3589995095635,21.0887690044139,60.6663351566385,94,87,55456,24,687
"227","Macalester (MN)","Midwest",-93.1691354,44.9378933,"MN","2014",2045,28,13.3007334963325,20.7911239749156,60.4,95,90,57691,24,754
"228","Macalester (MN)","Midwest",-93.1691354,44.9378933,"MN","2015",2138,34,14.1,20.2117863720074,60.1,95,87,59761,24,762
"229","Macalester (MN)","Midwest",-93.1691354,44.9378933,"MN","2016",2108,38,14.8648648648649,20.9226467847158,59.8671726755218,94,90,61905,23,700
"230","Macalester (MN)","Midwest",-93.1691354,44.9378933,"MN","2017",2093,43,15.5430711610487,23.12734082397,60.2962255136168,95,90,64136,24,748
"231","Middlebury (VT)","Northeast",-73.2219192,44.006978,"VT","2008",2430,25,11.0794297352342,19.3482688391039,50.7407407407407,NA,NA,49210,NA,885
"232","Middlebury (VT)","Northeast",-73.2219192,44.006978,"VT","2009",2456,26,11.0797743755036,18.3319903303787,50.6921824104234,95,91,50780,NA,700
"233","Middlebury (VT)","Northeast",-73.2219192,44.006978,"VT","2010",2505,27,10.347551342812,18.0489731437599,50.2594810379241,95,93,53800,4,783
"234","Middlebury (VT)","Northeast",-73.2219192,44.006978,"VT","2011",2480,27,10.6501794974073,19.1463901076984,50.9274193548387,96,92,53800,4,908
"235","Middlebury (VT)","Northeast",-73.2219192,44.006978,"VT","2012",2493,23,10.0158982511924,19.3163751987281,51.4640994785399,96,91,55950,5,880
"236","Middlebury (VT)","Northeast",-73.2219192,44.006978,"VT","2013",2477,18,11.1022044088176,20.7214428857715,51.2716996366572,96,90,57470,4,973
"237","Middlebury (VT)","Northeast",-73.2219192,44.006978,"VT","2014",2492,34,10.0321027287319,23.2779097387173,51.4,96,94,59160,4,1082
"238","Middlebury (VT)","Northeast",-73.2219192,44.006978,"VT","2015",2492,34,10,23.2779097387173,51.4,96,94,61456,7,1101
"239","Middlebury (VT)","Northeast",-73.2219192,44.006978,"VT","2016",2506,26,9.95260663507109,24.8420221169036,51.7956903431764,96,94,64332,4,1002
"240","Middlebury (VT)","Northeast",-73.2219192,44.006978,"VT","2017",2531,30,10.8551347130027,24.599765716517,51.7186882655077,96,94,67464,4,1074
"241","Mt Holyoke (MA)","Northeast",-72.5783281,42.2532535,"MA","2008",2172,59,18.0636485880771,21.9632451815329,100,NA,NA,48686,NA,663
"242","Mt Holyoke (MA)","Northeast",-72.5783281,42.2532535,"MA","2009",2225,63,20.2797202797203,22.5524475524476,100,93,81,50576,NA,488
"243","Mt Holyoke (MA)","Northeast",-72.5783281,42.2532535,"MA","2010",2285,47,22.041166380789,22.7272727272727,100,93,82,52036,25,520
"244","Mt Holyoke (MA)","Northeast",-72.5783281,42.2532535,"MA","2011",2316,34,23.5744680851064,24.8085106382979,99.9568221070812,92,83,53596,26,602
"245","Mt Holyoke (MA)","Northeast",-72.5783281,42.2532535,"MA","2012",2290,35,23.4408602150538,25.4091300602928,100,92,82,53596,29,583
"246","Mt Holyoke (MA)","Northeast",-72.5783281,42.2532535,"MA","2013",2151,32,25.1030691708658,25.4695373339441,100,91,85,53596,32,632
"247","Mt Holyoke (MA)","Northeast",-72.5783281,42.2532535,"MA","2014",2161,28,24.7107820453494,27.2270443124714,100,91,81,55146,38,710
"248","Mt Holyoke (MA)","Northeast",-72.5783281,42.2532535,"MA","2015",2095,31,26.3,27.516462841016,100,91,82,56746,41,700
"249","Mt Holyoke (MA)","Northeast",-72.5783281,42.2532535,"MA","2016",2162,37,26.9213278763074,27.1032287403365,100,91,80,59306,35,668
"250","Mt Holyoke (MA)","Northeast",-72.5783281,42.2532535,"MA","2017",2161,49,27.3755656108597,25.8823529411765,100,91,85,62000,36,729
"251","Oberlin (OH)","Midwest",-82.233834,41.2843306,"OH","2008",2793,46,6.02324762240225,19.2321239873195,55.3884711779449,NA,NA,48150,NA,761
"252","Oberlin (OH)","Midwest",-82.233834,41.2843306,"OH","2009",2860,45,6.29948364888124,19.7590361445783,55.2797202797203,93,82,50484,NA,550
"253","Oberlin (OH)","Midwest",-82.233834,41.2843306,"OH","2010",2902,72,6.08607935440484,21.7215870880968,55.2722260509993,94,83,52587,22,618
"254","Oberlin (OH)","Midwest",-82.233834,41.2843306,"OH","2011",2907,52,6.01554579249747,21.3585670834741,55.1427588579291,94,86,54760,23,700
"255","Oberlin (OH)","Midwest",-82.233834,41.2843306,"OH","2012",2889,41,6.17747440273038,21.3310580204778,54.6555901696089,94,87,57025,24,675
"256","Oberlin (OH)","Midwest",-82.233834,41.2843306,"OH","2013",2861,33,6.80718728403594,22.5984796129924,54.5613421880461,94,87,59474,26,728
"257","Oberlin (OH)","Midwest",-82.233834,41.2843306,"OH","2014",2920,41,7.19178082191781,22.4586288416076,55.6,94,85,61788,25,816
"258","Oberlin (OH)","Midwest",-82.233834,41.2843306,"OH","2015",2897,15,7.9,23.2142857142857,55.7,93,88,64212,23,832
"259","Oberlin (OH)","Midwest",-82.233834,41.2843306,"OH","2016",2869,26,9.11917098445596,24.2487046632124,56.6747995817358,93,87,66012,23,770
"260","Oberlin (OH)","Midwest",-82.233834,41.2843306,"OH","2017",2793,34,10.2228510788822,24.8319773611602,57.6083064804869,93,88,68672,24,838
"261","Occidental (CA)","West",-118.2123031,34.1273187,"CA","2008",1837,9,2.27518959913326,35.807150595883,55.6341861731083,NA,NA,47891,NA,360
"262","Occidental (CA)","West",-118.2123031,34.1273187,"CA","2009",1957,15,1.82555780933063,35.9026369168357,56.4639754726622,92,81,50295,NA,282
"263","Occidental (CA)","West",-118.2123031,34.1273187,"CA","2010",2079,10,2.63283867879368,38.1522259454284,56.4694564694565,92,86,52919,33,299
"264","Occidental (CA)","West",-118.2123031,34.1273187,"CA","2011",2112,13,3.2,38.6823529411765,57.0549242424242,92,85,55491,36,342
"265","Occidental (CA)","West",-118.2123031,34.1273187,"CA","2012",2154,22,3.16949931097841,40.7628676470588,56.2674094707521,93,85,57450,37,331
"266","Occidental (CA)","West",-118.2123031,34.1273187,"CA","2013",2113,15,4.79323308270677,42.1522556390977,56.2707051585424,92,83,60002,39,357
"267","Occidental (CA)","West",-118.2123031,34.1273187,"CA","2014",2101,16,5.04521656354117,41.5682569674067,56.4,92,84,61272,41,406
"268","Occidental (CA)","West",-118.2123031,34.1273187,"CA","2015",2090,22,5.4,42.4715909090909,57.4,93,88,63484,44,392
"269","Occidental (CA)","West",-118.2123031,34.1273187,"CA","2016",2045,17,6.93501454898157,41.9980601357905,57.4083129584352,93,85,65530,43,372
"270","Occidental (CA)","West",-118.2123031,34.1273187,"CA","2017",2035,20,6.81265206812652,40.6812652068126,57.8869778869779,93,88,68076,44,413
"271","Pomona (CA)","West",-117.7139917,34.0977429,"CA","2008",1523,9,4.11227154046997,34.0731070496084,50.4267892317794,NA,NA,47845,NA,1794
"272","Pomona (CA)","West",-117.7139917,34.0977429,"CA","2009",1535,15,4.32258064516129,33.6774193548387,49.8371335504886,100,94,49668,NA,1334
"273","Pomona (CA)","West",-117.7139917,34.0977429,"CA","2010",1549,11,4.80769230769231,34.8717948717949,50.5487411233054,99,95,51490,6,1459
"274","Pomona (CA)","West",-117.7139917,34.0977429,"CA","2011",1572,14,5.359394703657,35.9394703656999,51.0178117048346,98,95,53269,6,1700
"275","Pomona (CA)","West",-117.7139917,34.0977429,"CA","2012",1589,18,6.78282514001245,37.3988799004356,51.7935808684707,98,94,54964,4,1680
"276","Pomona (CA)","West",-117.7139917,34.0977429,"CA","2013",1596,16,7.50620347394541,39.6401985111663,52.0050125313283,98,95,57680,5,1823
"277","Pomona (CA)","West",-117.7139917,34.0977429,"CA","2014",1634,16,8.93512851897185,41.2727272727273,50.9,98,96,60532,4,2101
"278","Pomona (CA)","West",-117.7139917,34.0977429,"CA","2015",1648,15,9.8,43.535778713169,50.4,98,96,62770,5,2099
"279","Pomona (CA)","West",-117.7139917,34.0977429,"CA","2016",1651,9,11.3253012048193,45.5421686746988,50.6965475469413,98,93,64957,4,1985
"280","Pomona (CA)","West",-117.7139917,34.0977429,"CA","2017",1682,21,11.5091015854375,47.3282442748092,50.2972651605232,98,94,67225,7,2167
"281","Reed (OR)","West",-122.6329927,45.4816194,"OR","2008",1402,40,5.54785020804438,20.4576976421637,56.1340941512126,NA,NA,48110,NA,427
"282","Reed (OR)","West",-122.6329927,45.4816194,"OR","2009",1406,46,6.19834710743802,20.3856749311295,54.551920341394,88,75,49950,NA,311
"283","Reed (OR)","West",-122.6329927,45.4816194,"OR","2010",1408,39,5.25224602626123,23.1513476157567,55.46875,90,77,51850,49,359
"284","Reed (OR)","West",-122.6329927,45.4816194,"OR","2011",1422,35,5.76527110501029,23.0610844200412,54.2194092827004,89,78,54230,54,399
"285","Reed (OR)","West",-122.6329927,45.4816194,"OR","2012",1395,37,6.07541899441341,22.1368715083799,53.763440860215,89,77,56310,57,440
"286","Reed (OR)","West",-122.6329927,45.4816194,"OR","2013",1356,39,7.16845878136201,25.3763440860215,52.3598820058997,90,78,58170,75,485
"287","Reed (OR)","West",-122.6329927,45.4816194,"OR","2014",1339,35,7.31889469753547,27.0014556040757,53.4,91,73,60350,74,543
"288","Reed (OR)","West",-122.6329927,45.4816194,"OR","2015",1394,36,7.9,27.0629370629371,54.4,92,78,62920,77,545
"289","Reed (OR)","West",-122.6329927,45.4816194,"OR","2016",1379,31,8.86524822695035,28.2978723404255,54.7498187092096,94,79,65690,93,497
"290","Reed (OR)","West",-122.6329927,45.4816194,"OR","2017",1408,39,11.0573600552868,26.8140981340705,53.90625,92,78,68270,87,540
"291","Sarah Lawrence (NY)","Northeast",-73.8458457,40.9345909,"NY","2008",1331,58,3.02375809935205,14.0388768898488,73.4034560480842,NA,NA,54066,NA,78
"292","Sarah Lawrence (NY)","Northeast",-73.8458457,40.9345909,"NY","2009",1318,49,3.51133869787857,13.4601316752012,73.2169954476479,87,75,55788,NA,59
"293","Sarah Lawrence (NY)","Northeast",-73.8458457,40.9345909,"NY","2010",1289,39,4.74397590361446,21.0843373493976,71.6058960434445,86,76,57384,NA,66
"294","Sarah Lawrence (NY)","Northeast",-73.8458457,40.9345909,"NY","2011",1370,43,7.43099787685775,18.5421089879689,71.5328467153285,81,75,59170,NA,74
"295","Sarah Lawrence (NY)","Northeast",-73.8458457,40.9345909,"NY","2012",1374,46,7.46478873239437,21.9718309859155,72.8529839883552,81,75,61236,NA,67
"296","Sarah Lawrence (NY)","Northeast",-73.8458457,40.9345909,"NY","2013",1441,30,10.3331067301156,22.093813732155,72.1027064538515,84,70,63200,NA,75
"297","Sarah Lawrence (NY)","Northeast",-73.8458457,40.9345909,"NY","2014",1415,22,12.9328621908127,22.0598469032707,71.2,87,77,65480,NA,88
"298","Sarah Lawrence (NY)","Northeast",-73.8458457,40.9345909,"NY","2015",1327,21,12.5,24.9258160237389,72.3,87,69,65730,59,91
"299","Sarah Lawrence (NY)","Northeast",-73.8458457,40.9345909,"NY","2016",NA,27,13.0041724617524,24.3,71.6,87,77,67386,57,90
"300","Sarah Lawrence (NY)","Northeast",-73.8458457,40.9345909,"NY","2017",NA,NA,NA,NA,NA,85,79,69280,59,104
"301","Scripps (CA)","West",-117.7124015,34.1039348,"CA","2008",947,7,1.67714884696017,24.9475890985325,100,NA,NA,49450,NA,271
"302","Scripps (CA)","West",-117.7124015,34.1039348,"CA","2009",902,4,2.75938189845475,26.7108167770419,100,90,80,50550,NA,212
"303","Scripps (CA)","West",-117.7124015,34.1039348,"CA","2010",941,15,3.76569037656904,30.5439330543933,100,92,82,52900,25,237
"304","Scripps (CA)","West",-117.7124015,34.1039348,"CA","2011",955,12,4.96380558428128,31.3340227507756,100,92,87,54900,23,267
"305","Scripps (CA)","West",-117.7124015,34.1039348,"CA","2012",940,5,4.76190476190476,34.7089947089947,100,94,82,57098,29,257
"306","Scripps (CA)","West",-117.7124015,34.1039348,"CA","2013",979,11,4.44444444444444,35.4545454545455,100,94,88,59570,24,282
"307","Scripps (CA)","West",-117.7124015,34.1039348,"CA","2014",968,4,4.64876033057851,37.3456790123457,100,92,90,61940,25,311
"308","Scripps (CA)","West",-117.7124015,34.1039348,"CA","2015",969,4,4.7,39.4655704008222,100,93,84,64260,24,305
"309","Scripps (CA)","West",-117.7124015,34.1039348,"CA","2016",1030,9,5.19730510105871,36.4773820981713,100,93,87,66664,29,296
"310","Scripps (CA)","West",-117.7124015,34.1039348,"CA","2017",1056,3,5.57129367327668,37.6770538243626,100,93,92,69260,23,306
"311","Smith (MA)","Northeast",-72.6446869,42.3162992,"MA","2008",2588,22,6.59003831417625,27.3180076628352,100,NA,NA,48108,NA,1366
"312","Smith (MA)","Northeast",-72.6446869,42.3162992,"MA","2009",2593,21,7.84238714613619,27.1231828615149,100,90,86,50380,NA,1096
"313","Smith (MA)","Northeast",-72.6446869,42.3162992,"MA","2010",2571,17,8.88717156105101,27.5888717156105,99.9611046285492,90,88,51898,18,1244
"314","Smith (MA)","Northeast",-72.6446869,42.3162992,"MA","2011",2610,17,10.6966121050628,29.3110011419871,99.9233716475096,91,84,53460,14,1439
"315","Smith (MA)","Northeast",-72.6446869,42.3162992,"MA","2012",2643,21,11.524024024024,30.5555555555556,99.9621642073401,91,83,55320,19,1410
"316","Smith (MA)","Northeast",-72.6446869,42.3162992,"MA","2013",2585,21,13.1619339984651,31.8495778971604,99.9226305609284,92,85,57524,18,1557
"317","Smith (MA)","Northeast",-72.6446869,42.3162992,"MA","2014",2544,19,14.1509433962264,31.7986734295747,100,92,85,59674,20,1756
"318","Smith (MA)","Northeast",-72.6446869,42.3162992,"MA","2015",2460,18,14.1,32.5262308313156,100,93,86,61758,19,1782
"319","Smith (MA)","Northeast",-72.6446869,42.3162992,"MA","2016",2503,11,14.3993635640414,32.5377883850438,99.9200958849381,94,87,63914,14,1627
"320","Smith (MA)","Northeast",-72.6446869,42.3162992,"MA","2017",2505,16,13.8833796112654,32.4077746925823,99.9600798403194,93,87,66774,12,1767
"321","Swarthmore (PA)","Northeast",-75.3582387,39.9014616,"PA","2008",1478,12,7.18120805369128,37.5167785234899,51.8267929634641,NA,NA,47804,NA,1413
"322","Swarthmore (PA)","Northeast",-75.3582387,39.9014616,"PA","2009",1510,15,6.55737704918033,37.7049180327869,51.8543046357616,96,94,49600,NA,1129
"323","Swarthmore (PA)","Northeast",-75.3582387,39.9014616,"PA","2010",1510,14,7.28346456692913,38.1233595800525,50.9271523178808,97,92,51500,3,1249
"324","Swarthmore (PA)","Northeast",-75.3582387,39.9014616,"PA","2011",1536,9,7.57281553398058,40.6472491909385,51.171875,97,93,53250,3,1508
"325","Swarthmore (PA)","Northeast",-75.3582387,39.9014616,"PA","2012",1537,15,8.11855670103093,41.0438144329897,51.2036434612882,97,93,55750,3,1499
"326","Swarthmore (PA)","Northeast",-75.3582387,39.9014616,"PA","2013",1526,8,8.47457627118644,43.3507170795306,50.786369593709,97,95,57870,3,1635
"327","Swarthmore (PA)","Northeast",-75.3582387,39.9014616,"PA","2014",1534,8,9.77835723598436,43.514915693904,50.8,97,92,59610,3,1877
"328","Swarthmore (PA)","Northeast",-75.3582387,39.9014616,"PA","2015",1571,10,10.8,43.7065148640101,50.4,96,93,61400,3,1846
"329","Swarthmore (PA)","Northeast",-75.3582387,39.9014616,"PA","2016",1619,1,11.6666666666667,43.2716049382716,50.8338480543545,96,94,63550,3,1747
"330","Swarthmore (PA)","Northeast",-75.3582387,39.9014616,"PA","2017",1637,4,12.8580134064595,43.1444241316271,50.7635919364691,97,94,65774,4,1956
"331","Trinity (CT)","Northeast",-72.6925232,41.7479332,"CT","2008",2208,133,4.14352840666382,19.0944041008116,50.1811594202899,NA,NA,48624,NA,414
"332","Trinity (CT)","Northeast",-72.6925232,41.7479332,"CT","2009",2161,131,4.62478184991274,18.2809773123909,49.1901897269783,92,87,51400,NA,319
"333","Trinity (CT)","Northeast",-72.6925232,41.7479332,"CT","2010",2173,119,5.93368237347295,19.5026178010471,50.2070869765301,91,86,53380,36,357
"334","Trinity (CT)","Northeast",-72.6925232,41.7479332,"CT","2011",2196,108,6.90104166666667,22.9166666666667,48.9981785063752,91,86,55450,36,417
"335","Trinity (CT)","Northeast",-72.6925232,41.7479332,"CT","2012",2179,106,7.70240700218818,21.3385484571925,48.3708122992198,91,86,57530,37,423
"336","Trinity (CT)","Northeast",-72.6925232,41.7479332,"CT","2013",2214,117,8.36550836550837,21.021021021021,48.2836495031617,92,86,59810,38,473
"337","Trinity (CT)","Northeast",-72.6925232,41.7479332,"CT","2014",2146,109,9.97204100652377,19.7782705099778,49.5,91,83,61756,36,540
"338","Trinity (CT)","Northeast",-72.6925232,41.7479332,"CT","2015",2165,124,9.5,20,47.7,91,86,63920,45,562
"339","Trinity (CT)","Northeast",-72.6925232,41.7479332,"CT","2016",2159,100,9.51748561310314,20.2,48.2,90,84,66440,43,524
"340","Trinity (CT)","Northeast",-72.6925232,41.7479332,"CT","2017",2117,104,11.8,20.3,50.1,89,86,68970,38,577
"341","U of South, Sewanee (TN)","South",-85.9311316,35.2039548,"TN","2008",1466,17,2.1577882670263,10.1820633850303,52.9331514324693,NA,NA,NA,NA,313
"342","U of South, Sewanee (TN)","South",-85.9311316,35.2039548,"TN","2009",1455,14,2.58679373723622,11.2321307011572,51.2714776632302,89,76,NA,NA,246
"343","U of South, Sewanee (TN)","South",-85.9311316,35.2039548,"TN","2010",1436,19,2.81786941580756,12.9896907216495,53.4818941504178,89,77,NA,36,272
"344","U of South, Sewanee (TN)","South",-85.9311316,35.2039548,"TN","2011",1459,18,2.5727826675694,14.0148950575491,50.9252912954078,89,82,NA,32,319
"345","U of South, Sewanee (TN)","South",-85.9311316,35.2039548,"TN","2012",1486,23,2.71703114645461,14.0054127198917,51.9515477792732,88,81,NA,33,319
"346","U of South, Sewanee (TN)","South",-85.9311316,35.2039548,"TN","2013",1602,18,3.0750307503075,14.1975308641975,50.6242197253433,88,86,NA,36,337
"347","U of South, Sewanee (TN)","South",-85.9311316,35.2039548,"TN","2014",1620,11,2.71604938271605,11.4040465971796,51.5,88,78,NA,38,374
"348","U of South, Sewanee (TN)","South",-85.9311316,35.2039548,"TN","2015",1685,25,2.7,14.6198830409357,52.1,88,78,NA,45,378
"349","U of South, Sewanee (TN)","South",-85.9311316,35.2039548,"TN","2016",1718,13,2.88850375505488,14.9046793760832,52.6193247962747,89,79,NA,48,358
"350","U of South, Sewanee (TN)","South",-85.9311316,35.2039548,"TN","2017",1687,15,3.11398354876616,14.8648648648649,52.6970954356846,89,78,NA,47,395
"351","Union (NY)","Northeast",-73.9317874,42.8177125,"NY","2008",2212,28,3.79464285714286,13.9732142857143,48.8245931283906,NA,NA,48552,NA,391
"352","Union (NY)","Northeast",-73.9317874,42.8177125,"NY","2009",2157,37,4.46672743846855,16.4995442114859,48.5396383866481,92,86,50439,NA,284
"353","Union (NY)","Northeast",-73.9317874,42.8177125,"NY","2010",2170,27,4.87027765134274,17.4328629949932,48.5714285714286,92,85,52329,43,291
"354","Union (NY)","Northeast",-73.9317874,42.8177125,"NY","2011",2194,26,5.58558558558559,18.0630630630631,46.9462169553327,92,86,54273,41,322
"355","Union (NY)","Northeast",-73.9317874,42.8177125,"NY","2012",2209,32,6.33645693886658,18.8755020080321,46.2652784065188,92,83,56289,40,317
"356","Union (NY)","Northeast",-73.9317874,42.8177125,"NY","2013",2225,21,6.07434270172257,19.9910952804987,46.1123595505618,93,86,58248,41,353
"357","Union (NY)","Northeast",-73.9317874,42.8177125,"NY","2014",2228,14,6.6427289048474,18.4656556645852,45.9,93,83,60240,41,411
"358","Union (NY)","Northeast",-73.9317874,42.8177125,"NY","2015",2226,43,7.3,19.0832966064346,46.2,93,88,62274,41,436
"359","Union (NY)","Northeast",-73.9317874,42.8177125,"NY","2016",2132,71,7.30821606899682,19.4280526554698,46.0131332082552,93,86,64374,38,385
"360","Union (NY)","Northeast",-73.9317874,42.8177125,"NY","2017",2176,91,7.14600794000882,19.2324658138509,46.6911764705882,92,88,66609,38,423
"361","Vassar (NY)","Northeast",-73.8978889,41.6867992,"NY","2008",2337,52,6.44621180410214,21.8082879866053,58.3226358579375,NA,NA,49250,NA,849
"362","Vassar (NY)","Northeast",-73.8978889,41.6867992,"NY","2009",2394,58,6.6068515497553,23.694942903752,58.9390142021721,96,93,51300,NA,658
"363","Vassar (NY)","Northeast",-73.8978889,41.6867992,"NY","2010",2401,45,6.37775960752249,27.2690106295993,57.6426488962932,96,92,53270,11,699
"364","Vassar (NY)","Northeast",-73.8978889,41.6867992,"NY","2011",2345,41,6.28667225481978,28.9606035205365,56.4605543710021,96,92,55135,12,814
"365","Vassar (NY)","Northeast",-73.8978889,41.6867992,"NY","2012",2370,36,6.98254364089776,31.0058187863674,56.3713080168776,96,93,57070,14,805
"366","Vassar (NY)","Northeast",-73.8978889,41.6867992,"NY","2013",2437,40,6.78239806217198,32.1356479612434,55.88838736151,97,91,59070,11,869
"367","Vassar (NY)","Northeast",-73.8978889,41.6867992,"NY","2014",2394,24,7.14285714285714,33.4987593052109,56.1,97,91,61140,13,974
"368","Vassar (NY)","Northeast",-73.8978889,41.6867992,"NY","2015",2421,14,7.1,33.2238193018481,56.2,96,94,63230,11,983
"369","Vassar (NY)","Northeast",-73.8978889,41.6867992,"NY","2016",2405,19,7.71452145214522,33.9521452145215,57.2557172557173,96,92,65490,12,929
"370","Vassar (NY)","Northeast",-73.8978889,41.6867992,"NY","2017",2334,19,8.15979600509987,35.2741181470463,59.0402742073693,95,91,68110,12,1003
"371","Washington & Lee (VA)","Northeast",-79.447145,37.7904861,"VA","2008",1749,3,4.28082191780822,9.07534246575342,49.685534591195,NA,NA,45840,NA,NA
"372","Washington & Lee (VA)","Northeast",-79.447145,37.7904861,"VA","2009",1758,1,4.66173962478681,8.58442296759523,50.1706484641638,95,89,47632,NA,NA
"373","Washington & Lee (VA)","Northeast",-79.447145,37.7904861,"VA","2010",1758,1,4.26378624218306,9.60773166571916,50.1137656427759,95,89,49492,14,NA
"374","Washington & Lee (VA)","Northeast",-79.447145,37.7904861,"VA","2011",1789,1,4.02234636871508,10.391061452514,49.2453884851873,94,91,51057,14,NA
"375","Washington & Lee (VA)","Northeast",-79.447145,37.7904861,"VA","2012",1835,3,4.29815016322089,10.7725788900979,49.3732970027248,94,93,52812,12,NA
"376","Washington & Lee (VA)","Northeast",-79.447145,37.7904861,"VA","2013",1851,4,3.28840970350404,11.5902964959569,49.5407887628309,94,91,55757,14,NA
"377","Washington & Lee (VA)","Northeast",-79.447145,37.7904861,"VA","2014",1882,8,3.82571732199787,11.4814814814815,49.6,94,90,56262,14,NA
"378","Washington & Lee (VA)","Northeast",-79.447145,37.7904861,"VA","2015",1851,3,4.3,11.7583603020496,49.2,95,90,57402,14,NA
"379","Washington & Lee (VA)","Northeast",-79.447145,37.7904861,"VA","2016",1824,6,3.87978142076503,12.0218579234973,48.4100877192982,96,88,59647,14,NA
"380","Washington & Lee (VA)","Northeast",-79.447145,37.7904861,"VA","2017",1823,4,3.50301039956212,13.1910235358511,48.2720789906747,96,91,62080,11,NA
"381","Wellesley (MA)","Northeast",-71.3134479,42.2995216,"MA","2008",2344,154,7.40592473979183,37.4699759807846,99.957337883959,NA,NA,47976,NA,1611
"382","Wellesley (MA)","Northeast",-71.3134479,42.2995216,"MA","2009",2186,138,9.33734939759036,38.8984509466437,99.9542543458371,95,92,49848,NA,1266
"383","Wellesley (MA)","Northeast",-71.3134479,42.2995216,"MA","2010",2429,117,10.5655930871956,40.6127258444619,99.9176615891313,95,91,51950,4,1307
"384","Wellesley (MA)","Northeast",-71.3134479,42.2995216,"MA","2011",2371,131,11.0711430855316,41.5667466027178,100,95,90,53250,4,1500
"385","Wellesley (MA)","Northeast",-71.3134479,42.2995216,"MA","2012",2368,116,12.2481869460113,39.9435711406691,100,95,90,55114,6,1445
"386","Wellesley (MA)","Northeast",-71.3134479,42.2995216,"MA","2013",2344,130,11.2368633791431,39.1673403395311,100,95,92,57042,7,1550
"387","Wellesley (MA)","Northeast",-71.3134479,42.2995216,"MA","2014",2177,146,11.3918236104731,43.3060697374085,100,96,92,59038,7,1808
"388","Wellesley (MA)","Northeast",-71.3134479,42.2995216,"MA","2015",2188,168,11.9,42.1477079796265,100,96,91,61340,4,1854
"389","Wellesley (MA)","Northeast",-71.3134479,42.2995216,"MA","2016",2212,135,12.4840221559438,45.5048998721772,100,96,91,63916,4,1762
"390","Wellesley (MA)","Northeast",-71.3134479,42.2995216,"MA","2017",2374,134,13.0382775119617,45.414673046252,100,96,93,66984,3,1931
"391","Wesleyan U (CT)","Northeast",-72.6590928,41.5566104,"CT","2008",2755,17,7.10678210678211,25.7215007215007,49.038112522686,NA,NA,49270,NA,652
"392","Wesleyan U (CT)","Northeast",-72.6590928,41.5566104,"CT","2009",2774,13,6.92500897021887,26.0495156081808,50.3965392934391,95,93,51132,NA,476
"393","Wesleyan U (CT)","Northeast",-72.6590928,41.5566104,"CT","2010",2845,9,6.79747722494744,28.2060266292922,51.5641476274165,95,93,53976,13,504
"394","Wesleyan U (CT)","Northeast",-72.6590928,41.5566104,"CT","2011",2879,3,7.66828591256072,29.4240111034004,51.2330670371657,95,93,56006,12,590
"395","Wesleyan U (CT)","Northeast",-72.6590928,41.5566104,"CT","2012",2932,8,7.55102040816327,31.4285714285714,51.7394270122783,96,94,58502,12,601
"396","Wesleyan U (CT)","Northeast",-72.6590928,41.5566104,"CT","2013",2899,7,8.53406744666208,30.6607019958706,51.6729906864436,96,92,60184,17,670
"397","Wesleyan U (CT)","Northeast",-72.6590928,41.5566104,"CT","2014",2914,14,8.51063829787234,31.3866120218579,51.9,96,91,61498,17,768
"398","Wesleyan U (CT)","Northeast",-72.6590928,41.5566104,"CT","2015",2820,77,9.2,32.4128408698654,53.9,96,92,62778,15,810
"399","Wesleyan U (CT)","Northeast",-72.6590928,41.5566104,"CT","2016",2918,53,10.2659037361158,30.1245371928644,54.0095956134339,95,93,64862,14,770
"400","Wesleyan U (CT)","Northeast",-72.6590928,41.5566104,"CT","2017",2896,80,12.0631720430108,31.6532258064516,54.0400552486188,95,94,67270,21,898
"401","Williams (MA)","Northeast",-73.2058283,42.7129581,"MA","2008",1998,26,7.60869565217391,30.2865612648221,50.0500500500501,NA,NA,47530,NA,1808
"402","Williams (MA)","Northeast",-73.2058283,42.7129581,"MA","2009",2052,33,7.24220623501199,31.031175059952,50.9746588693957,97,95,49880,NA,1409
"403","Williams (MA)","Northeast",-73.2058283,42.7129581,"MA","2010",2016,32,7.51953125,32.12890625,51.4880952380952,97,96,52340,1,1527
"404","Williams (MA)","Northeast",-73.2058283,42.7129581,"MA","2011",2029,41,7.43961352657005,33.768115942029,51.4539181862987,97,96,54560,1,1784
"405","Williams (MA)","Northeast",-73.2058283,42.7129581,"MA","2012",2031,39,6.95652173913043,35.7212475633528,52.191038897095,97,95,56770,1,1799
"406","Williams (MA)","Northeast",-73.2058283,42.7129581,"MA","2013",1995,32,7.07751564756861,37.2471632955106,52.6817042606516,97,95,58900,1,1997
"407","Williams (MA)","Northeast",-73.2058283,42.7129581,"MA","2014",2015,30,7.14640198511166,36.8215158924205,50.8,97,96,61070,1,2253
"408","Williams (MA)","Northeast",-73.2058283,42.7129581,"MA","2015",2065,34,7.8,38.1133873272987,50.9,97,95,63290,1,2395
"409","Williams (MA)","Northeast",-73.2058283,42.7129581,"MA","2016",2043,33,8.52601156069364,38.2947976878613,49.2796820665673,97,95,65480,1,2256
"410","Williams (MA)","Northeast",-73.2058283,42.7129581,"MA","2017",2018,43,8.24842309558467,39.155749636099,46.9772051536174,97,96,67700,1,2509
"411","Amherst (MA)",NA,NA,NA,NA,"2018",NA,NA,NA,NA,NA,98,93,NA,2,NA
"412","Barnard (NY)",NA,NA,NA,NA,"2018",NA,NA,NA,NA,NA,96,91,NA,26,NA
"413","Bates (ME)",NA,NA,NA,NA,"2018",NA,NA,NA,NA,NA,94,88,NA,23,NA
"414","Beloit (WI)",NA,NA,NA,NA,"2018",NA,NA,NA,NA,NA,88,73,NA,76,NA
"415","Bowdoin (ME)",NA,NA,NA,NA,"2018",NA,NA,NA,NA,NA,97,94,NA,3,NA
"416","Bryn Mawr (PA)",NA,NA,NA,NA,"2018",NA,NA,NA,NA,NA,93,83,NA,32,NA
"417","Bucknell (PA)",NA,NA,NA,NA,"2018",NA,NA,NA,NA,NA,93,88,NA,33,NA
"418","Carleton (MN)",NA,NA,NA,NA,"2018",NA,NA,NA,NA,NA,96,92,NA,8,NA
"419","Claremont/Mc (CA)",NA,NA,NA,NA,"2018",NA,NA,NA,NA,NA,95,93,NA,8,NA
"420","Colby (ME)",NA,NA,NA,NA,"2018",NA,NA,NA,NA,NA,93,89,NA,12,NA
"421","Colgate (NY)",NA,NA,NA,NA,"2018",NA,NA,NA,NA,NA,94,90,NA,12,NA
"422","Coll Holy Cross (MA)",NA,NA,NA,NA,"2018",NA,NA,NA,NA,NA,95,92,NA,33,NA
"423","Colorado (CO)",NA,NA,NA,NA,"2018",NA,NA,NA,NA,NA,96,87,NA,23,NA
"424","Connecticut (CT)",NA,NA,NA,NA,"2018",NA,NA,NA,NA,NA,90,84,NA,46,NA
"425","Davidson (NC)",NA,NA,NA,NA,"2018",NA,NA,NA,NA,NA,95,93,NA,10,NA
"426","Franklin & Marshall (PA)",NA,NA,NA,NA,"2018",NA,NA,NA,NA,NA,92,87,NA,39,NA
"427","Grinnell (IA)",NA,NA,NA,NA,"2018",NA,NA,NA,NA,NA,94,86,NA,18,NA
"428","Hamilton (NY)",NA,NA,NA,NA,"2018",NA,NA,NA,NA,NA,94,92,NA,18,NA
"429","Haverford (PA)",NA,NA,NA,NA,"2018",NA,NA,NA,NA,NA,97,91,NA,18,NA
"430","Kenyon (OH)",NA,NA,NA,NA,"2018",NA,NA,NA,NA,NA,95,90,NA,26,NA
"431","Lafayette (PA)",NA,NA,NA,NA,"2018",NA,NA,NA,NA,NA,93,89,NA,36,NA
"432","Lawrence (WI)",NA,NA,NA,NA,"2018",NA,NA,NA,NA,NA,90,79,NA,58,NA
"433","Macalester (MN)",NA,NA,NA,NA,"2018",NA,NA,NA,NA,NA,94,88,NA,26,NA
"434","Middlebury (VT)",NA,NA,NA,NA,"2018",NA,NA,NA,NA,NA,96,93,NA,6,NA
"435","Mt Holyoke (MA)",NA,NA,NA,NA,"2018",NA,NA,NA,NA,NA,90,84,NA,36,NA
"436","Oberlin (OH)",NA,NA,NA,NA,"2018",NA,NA,NA,NA,NA,92,85,NA,26,NA
"437","Occidental (CA)",NA,NA,NA,NA,"2018",NA,NA,NA,NA,NA,93,81,NA,44,NA
"438","Pomona (CA)",NA,NA,NA,NA,"2018",NA,NA,NA,NA,NA,98,97,NA,6,NA
"439","Reed (OR)",NA,NA,NA,NA,"2018",NA,NA,NA,NA,NA,91,81,NA,82,NA
"440","Sarah Lawrence (NY)",NA,NA,NA,NA,"2018",NA,NA,NA,NA,NA,85,82,NA,53,NA
"441","Scripps (CA)",NA,NA,NA,NA,"2018",NA,NA,NA,NA,NA,93,84,NA,26,NA
"442","Smith (MA)",NA,NA,NA,NA,"2018",NA,NA,NA,NA,NA,93,89,NA,12,NA
"443","Swarthmore (PA)",NA,NA,NA,NA,"2018",NA,NA,NA,NA,NA,97,94,NA,3,NA
"444","Trinity (CT)",NA,NA,NA,NA,"2018",NA,NA,NA,NA,NA,90,85,NA,44,NA
"445","U of South, Sewanee (TN)",NA,NA,NA,NA,"2018",NA,NA,NA,NA,NA,89,82,NA,41,NA
"446","Union (NY)",NA,NA,NA,NA,"2018",NA,NA,NA,NA,NA,92,87,NA,36,NA
"447","Vassar (NY)",NA,NA,NA,NA,"2018",NA,NA,NA,NA,NA,95,91,NA,12,NA
"448","Washington & Lee (VA)",NA,NA,NA,NA,"2018",NA,NA,NA,NA,NA,96,92,NA,10,NA
"449","Wellesley (MA)",NA,NA,NA,NA,"2018",NA,NA,NA,NA,NA,95,91,NA,3,NA
"450","Wesleyan U (CT)",NA,NA,NA,NA,"2018",NA,NA,NA,NA,NA,95,91,NA,21,NA
"451","Williams (MA)",NA,NA,NA,NA,"2018",NA,NA,NA,NA,NA,98,94,NA,1,NA
"452","Sewanee (TN)",NA,NA,NA,NA,"2008",NA,NA,NA,NA,NA,NA,NA,42120,NA,NA
"453","Sewanee (TN)",NA,NA,NA,NA,"2009",NA,NA,NA,NA,NA,NA,NA,43932,NA,NA
"454","Sewanee (TN)",NA,NA,NA,NA,"2010",NA,NA,NA,NA,NA,NA,NA,46112,NA,NA
"455","Sewanee (TN)",NA,NA,NA,NA,"2011",NA,NA,NA,NA,NA,NA,NA,41518,NA,NA
"456","Sewanee (TN)",NA,NA,NA,NA,"2012",NA,NA,NA,NA,NA,NA,NA,44155,NA,NA
"457","Sewanee (TN)",NA,NA,NA,NA,"2013",NA,NA,NA,NA,NA,NA,NA,45669,NA,NA
"458","Sewanee (TN)",NA,NA,NA,NA,"2014",NA,NA,NA,NA,NA,NA,NA,47700,NA,NA
"459","Sewanee (TN)",NA,NA,NA,NA,"2015",NA,NA,NA,NA,NA,NA,NA,49750,NA,NA
"460","Sewanee (TN)",NA,NA,NA,NA,"2016",NA,NA,NA,NA,NA,NA,NA,54500,NA,NA
"461","Sewanee (TN)",NA,NA,NA,NA,"2017",NA,NA,NA,NA,NA,NA,NA,58000,NA,NA
"462","Amherst (MA)",NA,NA,NA,NA,"2019",NA,NA,NA,NA,NA,NA,NA,NA,2,NA
"463","Barnard (NY)",NA,NA,NA,NA,"2019",NA,NA,NA,NA,NA,NA,NA,NA,25,NA
"464","Bates (ME)",NA,NA,NA,NA,"2019",NA,NA,NA,NA,NA,NA,NA,NA,22,NA
"465","Beloit (WI)",NA,NA,NA,NA,"2019",NA,NA,NA,NA,NA,NA,NA,NA,68,NA
"466","Bowdoin (ME)",NA,NA,NA,NA,"2019",NA,NA,NA,NA,NA,NA,NA,NA,5,NA
"467","Bryn Mawr (PA)",NA,NA,NA,NA,"2019",NA,NA,NA,NA,NA,NA,NA,NA,27,NA
"468","Bucknell (PA)",NA,NA,NA,NA,"2019",NA,NA,NA,NA,NA,NA,NA,NA,36,NA
"469","Carleton (MN)",NA,NA,NA,NA,"2019",NA,NA,NA,NA,NA,NA,NA,NA,5,NA
"470","Claremont/Mc (CA)",NA,NA,NA,NA,"2019",NA,NA,NA,NA,NA,NA,NA,NA,9,NA
"471","Colby (ME)",NA,NA,NA,NA,"2019",NA,NA,NA,NA,NA,NA,NA,NA,18,NA
"472","Colgate (NY)",NA,NA,NA,NA,"2019",NA,NA,NA,NA,NA,NA,NA,NA,16,NA
"473","Coll Holy Cross (MA)",NA,NA,NA,NA,"2019",NA,NA,NA,NA,NA,NA,NA,NA,35,NA
"474","Colorado (CO)",NA,NA,NA,NA,"2019",NA,NA,NA,NA,NA,NA,NA,NA,27,NA
"475","Connecticut (CT)",NA,NA,NA,NA,"2019",NA,NA,NA,NA,NA,NA,NA,NA,46,NA
"476","Davidson (NC)",NA,NA,NA,NA,"2019",NA,NA,NA,NA,NA,NA,NA,NA,10,NA
"477","Franklin & Marshall (PA)",NA,NA,NA,NA,"2019",NA,NA,NA,NA,NA,NA,NA,NA,36,NA
"478","Grinnell (IA)",NA,NA,NA,NA,"2019",NA,NA,NA,NA,NA,NA,NA,NA,11,NA
"479","Hamilton (NY)",NA,NA,NA,NA,"2019",NA,NA,NA,NA,NA,NA,NA,NA,18,NA
"480","Haverford (PA)",NA,NA,NA,NA,"2019",NA,NA,NA,NA,NA,NA,NA,NA,11,NA
"481","Kenyon (OH)",NA,NA,NA,NA,"2019",NA,NA,NA,NA,NA,NA,NA,NA,30,NA
"482","Lafayette (PA)",NA,NA,NA,NA,"2019",NA,NA,NA,NA,NA,NA,NA,NA,36,NA
"483","Lawrence (WI)",NA,NA,NA,NA,"2019",NA,NA,NA,NA,NA,NA,NA,NA,56,NA
"484","Macalester (MN)",NA,NA,NA,NA,"2019",NA,NA,NA,NA,NA,NA,NA,NA,27,NA
"485","Middlebury (VT)",NA,NA,NA,NA,"2019",NA,NA,NA,NA,NA,NA,NA,NA,5,NA
"486","Mt Holyoke (MA)",NA,NA,NA,NA,"2019",NA,NA,NA,NA,NA,NA,NA,NA,30,NA
"487","Oberlin (OH)",NA,NA,NA,NA,"2019",NA,NA,NA,NA,NA,NA,NA,NA,30,NA
"488","Occidental (CA)",NA,NA,NA,NA,"2019",NA,NA,NA,NA,NA,NA,NA,NA,39,NA
"489","Pomona (CA)",NA,NA,NA,NA,"2019",NA,NA,NA,NA,NA,NA,NA,NA,5,NA
"490","Reed (OR)",NA,NA,NA,NA,"2019",NA,NA,NA,NA,NA,NA,NA,NA,90,NA
"491","Sarah Lawrence (NY)",NA,NA,NA,NA,"2019",NA,NA,NA,NA,NA,NA,NA,NA,65,NA
"492","Scripps (CA)",NA,NA,NA,NA,"2019",NA,NA,NA,NA,NA,NA,NA,NA,30,NA
"493","Smith (MA)",NA,NA,NA,NA,"2019",NA,NA,NA,NA,NA,NA,NA,NA,11,NA
"494","Swarthmore (PA)",NA,NA,NA,NA,"2019",NA,NA,NA,NA,NA,NA,NA,NA,3,NA
"495","Trinity (CT)",NA,NA,NA,NA,"2019",NA,NA,NA,NA,NA,NA,NA,NA,46,NA
"496","U of South, Sewanee (TN)",NA,NA,NA,NA,"2019",NA,NA,NA,NA,NA,NA,NA,NA,49,NA
"497","Union (NY)",NA,NA,NA,NA,"2019",NA,NA,NA,NA,NA,NA,NA,NA,39,NA
"498","Vassar (NY)",NA,NA,NA,NA,"2019",NA,NA,NA,NA,NA,NA,NA,NA,11,NA
"499","Washington & Lee (VA)",NA,NA,NA,NA,"2019",NA,NA,NA,NA,NA,NA,NA,NA,11,NA
"500","Wellesley (MA)",NA,NA,NA,NA,"2019",NA,NA,NA,NA,NA,NA,NA,NA,3,NA
"501","Wesleyan U (CT)",NA,NA,NA,NA,"2019",NA,NA,NA,NA,NA,NA,NA,NA,18,NA
"502","Williams (MA)",NA,NA,NA,NA,"2019",NA,NA,NA,NA,NA,NA,NA,NA,1,NA
"503","Washington & Lee (VA) *",NA,NA,NA,NA,"2008",NA,NA,NA,NA,NA,NA,NA,NA,NA,719
"504","Washington & Lee (VA) *",NA,NA,NA,NA,"2009",NA,NA,NA,NA,NA,NA,NA,NA,NA,897
"505","Washington & Lee (VA) *",NA,NA,NA,NA,"2010",NA,NA,NA,NA,NA,NA,NA,NA,NA,1008
"506","Washington & Lee (VA) *",NA,NA,NA,NA,"2011",NA,NA,NA,NA,NA,NA,NA,NA,NA,1218
"507","Washington & Lee (VA) *",NA,NA,NA,NA,"2012",NA,NA,NA,NA,NA,NA,NA,NA,NA,1262
"508","Washington & Lee (VA) *",NA,NA,NA,NA,"2013",NA,NA,NA,NA,NA,NA,NA,NA,NA,1345
"509","Washington & Lee (VA) *",NA,NA,NA,NA,"2014",NA,NA,NA,NA,NA,NA,NA,NA,NA,1478
"510","Washington & Lee (VA) *",NA,NA,NA,NA,"2015",NA,NA,NA,NA,NA,NA,NA,NA,NA,1471
"511","Washington & Lee (VA) *",NA,NA,NA,NA,"2016",NA,NA,NA,NA,NA,NA,NA,NA,NA,1472
"512","Washington & Lee (VA) *",NA,NA,NA,NA,"2017",NA,NA,NA,NA,NA,NA,NA,NA,NA,1547
